Workbook

Sheet Dados Originais
A1: Idade | B1: Renda_Mensal | C1: Estado_Civil | D1: Valor_Compras | E1: Numero_Compras | F1: Classe | G1: Particao
A2: 22 | B2: 2200 | C2: Casado | D2: 300 | E2: 2 | F2: 0 | G2: Treinamento
A3: 27 | B3: 2800 | C3: Casado | D3: 450 | E3: 3 | F3: 0 | G3: Treinamento
A4: 31 | B4: 3200 | C4: Casado | D4: 520 | E4: 4 | F4: 0 | G4: Treinamento
A5: 35 | B5: 4500 | C5: Casado | D5: 700 | E5: 5 | F5: 0 | G5: Teste
A6: 39 | B6: 5200 | C6: Casado | D6: 850 | E6: 6 | F6: 0 | G6: Treinamento
A7: 42 | B7: 6100 | C7: Casado | D7: 1100 | E7: 8 | F7: 0 | G7: Treinamento
A8: 46 | B8: 7500 | C8: Casado | D8: 1250 | E8: 9 | F8: 0 | G8: Teste
A9: 49 | C9: Solteiro | D9: 1400 | E9: 10 | F9: 1 | G9: Treinamento
A10: 52 | B10: 9800 | C10: Casado | D10: 1700 | E10: 12 | F10: 1 | G10: Teste
A11: 55 | B11: 11000 | C11: Casado | D11: 2100 | E11: 14 | F11: 1 | G11: Treinamento
A12: 58 | B12: 13500 | C12: Casado | D12: 2500 | E12: 16 | F12: 1 | G12: Treinamento
A13: 61 | B13: 15000 | C13: Casado | D13: 2900 | E13: 18 | F13: 1 | G13: Teste
A14: 64 | C14: Casado | D14: 3200 | E14: 20 | F14: 1 | G14: Teste
A15: 68 | B15: 21000 | C15: Casado | D15: 3800 | E15: 24 | F15: 1 | G15: Treinamento
A16: 72 | B16: 30000 | C16: Casado | D16: 4500 | E16: 30 | F16: 1 | G16: Teste

Sheet Dados Tratados
A1: Idade | B1: Renda_Mensal | C1: Valor_Compras | D1: Numero_Compras | E1: Classe | F1: Ticket_Medio | G1: Particao
A2: ='Dados Originais'!A2 | B2: =SE(ÉNÚM('Dados Originais'!B2);'Dados Originais'!B2;MED('Dados Originais'!B2;'Dados Originais'!B3;'Dados Originais'!B4;'Dados Originais'!B6;'Dados Originais'!B7;'Dados Originais'!B11;'Dados Originais'!B12;'Dados Originais'!B15)) | C2: ='Dados Originais'!D2 | D2: ='Dados Originais'!E2 | E2: ='Dados Originais'!F2 | F2: =C2/D2 | G2: ='Dados Originais'!G2
A3: ='Dados Originais'!A3 | B3: =SE(ÉNÚM('Dados Originais'!B3);'Dados Originais'!B3;MED('Dados Originais'!B2;'Dados Originais'!B3;'Dados Originais'!B4;'Dados Originais'!B6;'Dados Originais'!B7;'Dados Originais'!B11;'Dados Originais'!B12;'Dados Originais'!B15)) | C3: ='Dados Originais'!D3 | D3: ='Dados Originais'!E3 | E3: ='Dados Originais'!F3 | F3: =C3/D3 | G3: ='Dados Originais'!G3
A4: ='Dados Originais'!A4 | B4: =SE(ÉNÚM('Dados Originais'!B4);'Dados Originais'!B4;MED('Dados Originais'!B2;'Dados Originais'!B3;'Dados Originais'!B4;'Dados Originais'!B6;'Dados Originais'!B7;'Dados Originais'!B11;'Dados Originais'!B12;'Dados Originais'!B15)) | C4: ='Dados Originais'!D4 | D4: ='Dados Originais'!E4 | E4: ='Dados Originais'!F4 | F4: =C4/D4 | G4: ='Dados Originais'!G4
A5: ='Dados Originais'!A5 | B5: =SE(ÉNÚM('Dados Originais'!B5);'Dados Originais'!B5;MED('Dados Originais'!B2;'Dados Originais'!B3;'Dados Originais'!B4;'Dados Originais'!B6;'Dados Originais'!B7;'Dados Originais'!B11;'Dados Originais'!B12;'Dados Originais'!B15)) | C5: ='Dados Originais'!D5 | D5: ='Dados Originais'!E5 | E5: ='Dados Originais'!F5 | F5: =C5/D5 | G5: ='Dados Originais'!G5
A6: ='Dados Originais'!A6 | B6: =SE(ÉNÚM('Dados Originais'!B6);'Dados Originais'!B6;MED('Dados Originais'!B2;'Dados Originais'!B3;'Dados Originais'!B4;'Dados Originais'!B6;'Dados Originais'!B7;'Dados Originais'!B11;'Dados Originais'!B12;'Dados Originais'!B15)) | C6: ='Dados Originais'!D6 | D6: ='Dados Originais'!E6 | E6: ='Dados Originais'!F6 | F6: =C6/D6 | G6: ='Dados Originais'!G6
A7: ='Dados Originais'!A7 | B7: =SE(ÉNÚM('Dados Originais'!B7);'Dados Originais'!B7;MED('Dados Originais'!B2;'Dados Originais'!B3;'Dados Originais'!B4;'Dados Originais'!B6;'Dados Originais'!B7;'Dados Originais'!B11;'Dados Originais'!B12;'Dados Originais'!B15)) | C7: ='Dados Originais'!D7 | D7: ='Dados Originais'!E7 | E7: ='Dados Originais'!F7 | F7: =C7/D7 | G7: ='Dados Originais'!G7
A8: ='Dados Originais'!A8 | B8: =SE(ÉNÚM('Dados Originais'!B8);'Dados Originais'!B8;MED('Dados Originais'!B2;'Dados Originais'!B3;'Dados Originais'!B4;'Dados Originais'!B6;'Dados Originais'!B7;'Dados Originais'!B11;'Dados Originais'!B12;'Dados Originais'!B15)) | C8: ='Dados Originais'!D8 | D8: ='Dados Originais'!E8 | E8: ='Dados Originais'!F8 | F8: =C8/D8 | G8: ='Dados Originais'!G8
A9: ='Dados Originais'!A9 | B9: =SE(ÉNÚM('Dados Originais'!B9);'Dados Originais'!B9;MED('Dados Originais'!B2;'Dados Originais'!B3;'Dados Originais'!B4;'Dados Originais'!B6;'Dados Originais'!B7;'Dados Originais'!B11;'Dados Originais'!B12;'Dados Originais'!B15)) | C9: ='Dados Originais'!D9 | D9: ='Dados Originais'!E9 | E9: ='Dados Originais'!F9 | F9: =C9/D9 | G9: ='Dados Originais'!G9
A10: ='Dados Originais'!A10 | B10: =SE(ÉNÚM('Dados Originais'!B10);'Dados Originais'!B10;MED('Dados Originais'!B2;'Dados Originais'!B3;'Dados Originais'!B4;'Dados Originais'!B6;'Dados Originais'!B7;'Dados Originais'!B11;'Dados Originais'!B12;'Dados Originais'!B15)) | C10: ='Dados Originais'!D10 | D10: ='Dados Originais'!E10 | E10: ='Dados Originais'!F10 | F10: =C10/D10 | G10: ='Dados Originais'!G10
A11: ='Dados Originais'!A11 | B11: =SE(ÉNÚM('Dados Originais'!B11);'Dados Originais'!B11;MED('Dados Originais'!B2;'Dados Originais'!B3;'Dados Originais'!B4;'Dados Originais'!B6;'Dados Originais'!B7;'Dados Originais'!B11;'Dados Originais'!B12;'Dados Originais'!B15)) | C11: ='Dados Originais'!D11 | D11: ='Dados Originais'!E11 | E11: ='Dados Originais'!F11 | F11: =C11/D11 | G11: ='Dados Originais'!G11
A12: ='Dados Originais'!A12 | B12: =SE(ÉNÚM('Dados Originais'!B12);'Dados Originais'!B12;MED('Dados Originais'!B2;'Dados Originais'!B3;'Dados Originais'!B4;'Dados Originais'!B6;'Dados Originais'!B7;'Dados Originais'!B11;'Dados Originais'!B12;'Dados Originais'!B15)) | C12: ='Dados Originais'!D12 | D12: ='Dados Originais'!E12 | E12: ='Dados Originais'!F12 | F12: =C12/D12 | G12: ='Dados Originais'!G12
A13: ='Dados Originais'!A13 | B13: =SE(ÉNÚM('Dados Originais'!B13);'Dados Originais'!B13;MED('Dados Originais'!B2;'Dados Originais'!B3;'Dados Originais'!B4;'Dados Originais'!B6;'Dados Originais'!B7;'Dados Originais'!B11;'Dados Originais'!B12;'Dados Originais'!B15)) | C13: ='Dados Originais'!D13 | D13: ='Dados Originais'!E13 | E13: ='Dados Originais'!F13 | F13: =C13/D13 | G13: ='Dados Originais'!G13
A14: ='Dados Originais'!A14 | B14: =SE(ÉNÚM('Dados Originais'!B14);'Dados Originais'!B14;MED('Dados Originais'!B2;'Dados Originais'!B3;'Dados Originais'!B4;'Dados Originais'!B6;'Dados Originais'!B7;'Dados Originais'!B11;'Dados Originais'!B12;'Dados Originais'!B15)) | C14: ='Dados Originais'!D14 | D14: ='Dados Originais'!E14 | E14: ='Dados Originais'!F14 | F14: =C14/D14 | G14: ='Dados Originais'!G14
A15: ='Dados Originais'!A15 | B15: =SE(ÉNÚM('Dados Originais'!B15);'Dados Originais'!B15;MED('Dados Originais'!B2;'Dados Originais'!B3;'Dados Originais'!B4;'Dados Originais'!B6;'Dados Originais'!B7;'Dados Originais'!B11;'Dados Originais'!B12;'Dados Originais'!B15)) | C15: ='Dados Originais'!D15 | D15: ='Dados Originais'!E15 | E15: ='Dados Originais'!F15 | F15: =C15/D15 | G15: ='Dados Originais'!G15
A16: ='Dados Originais'!A16 | B16: =SE(ÉNÚM('Dados Originais'!B16);'Dados Originais'!B16;MED('Dados Originais'!B2;'Dados Originais'!B3;'Dados Originais'!B4;'Dados Originais'!B6;'Dados Originais'!B7;'Dados Originais'!B11;'Dados Originais'!B12;'Dados Originais'!B15)) | C16: ='Dados Originais'!D16 | D16: ='Dados Originais'!E16 | E16: ='Dados Originais'!F16 | F16: =C16/D16 | G16: ='Dados Originais'!G16
A18: Mediana (só treino): | B18: =MED('Dados Originais'!B2;'Dados Originais'!B3;'Dados Originais'!B4;'Dados Originais'!B6;'Dados Originais'!B7;'Dados Originais'!B11;'Dados Originais'!B12;'Dados Originais'!B15)
A19: Resultado esperado: 5650

Sheet passo 1.5
A1: Idade | B1: Renda_Original | C1: Renda_Tratada | D1: Imputado | E1: Valor_Compras | F1: Numero_Compras | G1: Classe | H1: Particao
A2: ='Dados Originais'!A2 | B2: ='Dados Originais'!B2 | C2: =SE(ÉNÚM(B2);B2;MED('Dados Originais'!B2;'Dados Originais'!B3;'Dados Originais'!B4;'Dados Originais'!B6;'Dados Originais'!B7;'Dados Originais'!B11;'Dados Originais'!B12;'Dados Originais'!B15)) | D2: =SE(ÉNÚM(B2);"NÃO";"SIM - Mediana 5650") | E2: ='Dados Originais'!D2 | F2: ='Dados Originais'!E2 | G2: ='Dados Originais'!F2 | H2: ='Dados Originais'!G2
A3: ='Dados Originais'!A3 | B3: ='Dados Originais'!B3 | C3: =SE(ÉNÚM(B3);B3;MED('Dados Originais'!B2;'Dados Originais'!B3;'Dados Originais'!B4;'Dados Originais'!B6;'Dados Originais'!B7;'Dados Originais'!B11;'Dados Originais'!B12;'Dados Originais'!B15)) | D3: =SE(ÉNÚM(B3);"NÃO";"SIM - Mediana 5650") | E3: ='Dados Originais'!D3 | F3: ='Dados Originais'!E3 | G3: ='Dados Originais'!F3 | H3: ='Dados Originais'!G3
A4: ='Dados Originais'!A4 | B4: ='Dados Originais'!B4 | C4: =SE(ÉNÚM(B4);B4;MED('Dados Originais'!B2;'Dados Originais'!B3;'Dados Originais'!B4;'Dados Originais'!B6;'Dados Originais'!B7;'Dados Originais'!B11;'Dados Originais'!B12;'Dados Originais'!B15)) | D4: =SE(ÉNÚM(B4);"NÃO";"SIM - Mediana 5650") | E4: ='Dados Originais'!D4 | F4: ='Dados Originais'!E4 | G4: ='Dados Originais'!F4 | H4: ='Dados Originais'!G4
A5: ='Dados Originais'!A5 | B5: ='Dados Originais'!B5 | C5: =SE(ÉNÚM(B5);B5;MED('Dados Originais'!B2;'Dados Originais'!B3;'Dados Originais'!B4;'Dados Originais'!B6;'Dados Originais'!B7;'Dados Originais'!B11;'Dados Originais'!B12;'Dados Originais'!B15)) | D5: =SE(ÉNÚM(B5);"NÃO";"SIM - Mediana 5650") | E5: ='Dados Originais'!D5 | F5: ='Dados Originais'!E5 | G5: ='Dados Originais'!F5 | H5: ='Dados Originais'!G5
A6: ='Dados Originais'!A6 | B6: ='Dados Originais'!B6 | C6: =SE(ÉNÚM(B6);B6;MED('Dados Originais'!B2;'Dados Originais'!B3;'Dados Originais'!B4;'Dados Originais'!B6;'Dados Originais'!B7;'Dados Originais'!B11;'Dados Originais'!B12;'Dados Originais'!B15)) | D6: =SE(ÉNÚM(B6);"NÃO";"SIM - Mediana 5650") | E6: ='Dados Originais'!D6 | F6: ='Dados Originais'!E6 | G6: ='Dados Originais'!F6 | H6: ='Dados Originais'!G6
A7: ='Dados Originais'!A7 | B7: ='Dados Originais'!B7 | C7: =SE(ÉNÚM(B7);B7;MED('Dados Originais'!B2;'Dados Originais'!B3;'Dados Originais'!B4;'Dados Originais'!B6;'Dados Originais'!B7;'Dados Originais'!B11;'Dados Originais'!B12;'Dados Originais'!B15)) | D7: =SE(ÉNÚM(B7);"NÃO";"SIM - Mediana 5650") | E7: ='Dados Originais'!D7 | F7: ='Dados Originais'!E7 | G7: ='Dados Originais'!F7 | H7: ='Dados Originais'!G7
A8: ='Dados Originais'!A8 | B8: ='Dados Originais'!B8 | C8: =SE(ÉNÚM(B8);B8;MED('Dados Originais'!B2;'Dados Originais'!B3;'Dados Originais'!B4;'Dados Originais'!B6;'Dados Originais'!B7;'Dados Originais'!B11;'Dados Originais'!B12;'Dados Originais'!B15)) | D8: =SE(ÉNÚM(B8);"NÃO";"SIM - Mediana 5650") | E8: ='Dados Originais'!D8 | F8: ='Dados Originais'!E8 | G8: ='Dados Originais'!F8 | H8: ='Dados Originais'!G8
A9: ='Dados Originais'!A9 | B9: ='Dados Originais'!B9 | C9: =SE(ÉNÚM(B9);B9;MED('Dados Originais'!B2;'Dados Originais'!B3;'Dados Originais'!B4;'Dados Originais'!B6;'Dados Originais'!B7;'Dados Originais'!B11;'Dados Originais'!B12;'Dados Originais'!B15)) | D9: =SE(ÉNÚM(B9);"NÃO";"SIM - Mediana 5650") | E9: ='Dados Originais'!D9 | F9: ='Dados Originais'!E9 | G9: ='Dados Originais'!F9 | H9: ='Dados Originais'!G9
A10: ='Dados Originais'!A10 | B10: ='Dados Originais'!B10 | C10: =SE(ÉNÚM(B10);B10;MED('Dados Originais'!B2;'Dados Originais'!B3;'Dados Originais'!B4;'Dados Originais'!B6;'Dados Originais'!B7;'Dados Originais'!B11;'Dados Originais'!B12;'Dados Originais'!B15)) | D10: =SE(ÉNÚM(B10);"NÃO";"SIM - Mediana 5650") | E10: ='Dados Originais'!D10 | F10: ='Dados Originais'!E10 | G10: ='Dados Originais'!F10 | H10: ='Dados Originais'!G10
A11: ='Dados Originais'!A11 | B11: ='Dados Originais'!B11 | C11: =SE(ÉNÚM(B11);B11;MED('Dados Originais'!B2;'Dados Originais'!B3;'Dados Originais'!B4;'Dados Originais'!B6;'Dados Originais'!B7;'Dados Originais'!B11;'Dados Originais'!B12;'Dados Originais'!B15)) | D11: =SE(ÉNÚM(B11);"NÃO";"SIM - Mediana 5650") | E11: ='Dados Originais'!D11 | F11: ='Dados Originais'!E11 | G11: ='Dados Originais'!F11 | H11: ='Dados Originais'!G11
A12: ='Dados Originais'!A12 | B12: ='Dados Originais'!B12 | C12: =SE(ÉNÚM(B12);B12;MED('Dados Originais'!B2;'Dados Originais'!B3;'Dados Originais'!B4;'Dados Originais'!B6;'Dados Originais'!B7;'Dados Originais'!B11;'Dados Originais'!B12;'Dados Originais'!B15)) | D12: =SE(ÉNÚM(B12);"NÃO";"SIM - Mediana 5650") | E12: ='Dados Originais'!D12 | F12: ='Dados Originais'!E12 | G12: ='Dados Originais'!F12 | H12: ='Dados Originais'!G12
A13: ='Dados Originais'!A13 | B13: ='Dados Originais'!B13 | C13: =SE(ÉNÚM(B13);B13;MED('Dados Originais'!B2;'Dados Originais'!B3;'Dados Originais'!B4;'Dados Originais'!B6;'Dados Originais'!B7;'Dados Originais'!B11;'Dados Originais'!B12;'Dados Originais'!B15)) | D13: =SE(ÉNÚM(B13);"NÃO";"SIM - Mediana 5650") | E13: ='Dados Originais'!D13 | F13: ='Dados Originais'!E13 | G13: ='Dados Originais'!F13 | H13: ='Dados Originais'!G13
A14: ='Dados Originais'!A14 | B14: ='Dados Originais'!B14 | C14: =SE(ÉNÚM(B14);B14;MED('Dados Originais'!B2;'Dados Originais'!B3;'Dados Originais'!B4;'Dados Originais'!B6;'Dados Originais'!B7;'Dados Originais'!B11;'Dados Originais'!B12;'Dados Originais'!B15)) | D14: =SE(ÉNÚM(B14);"NÃO";"SIM - Mediana 5650") | E14: ='Dados Originais'!D14 | F14: ='Dados Originais'!E14 | G14: ='Dados Originais'!F14 | H14: ='Dados Originais'!G14
A15: ='Dados Originais'!A15 | B15: ='Dados Originais'!B15 | C15: =SE(ÉNÚM(B15);B15;MED('Dados Originais'!B2;'Dados Originais'!B3;'Dados Originais'!B4;'Dados Originais'!B6;'Dados Originais'!B7;'Dados Originais'!B11;'Dados Originais'!B12;'Dados Originais'!B15)) | D15: =SE(ÉNÚM(B15);"NÃO";"SIM - Mediana 5650") | E15: ='Dados Originais'!D15 | F15: ='Dados Originais'!E15 | G15: ='Dados Originais'!F15 | H15: ='Dados Originais'!G15
A16: ='Dados Originais'!A16 | B16: ='Dados Originais'!B16 | C16: =SE(ÉNÚM(B16);B16;MED('Dados Originais'!B2;'Dados Originais'!B3;'Dados Originais'!B4;'Dados Originais'!B6;'Dados Originais'!B7;'Dados Originais'!B11;'Dados Originais'!B12;'Dados Originais'!B15)) | D16: =SE(ÉNÚM(B16);"NÃO";"SIM - Mediana 5650") | E16: ='Dados Originais'!D16 | F16: ='Dados Originais'!E16 | G16: ='Dados Originais'!F16 | H16: ='Dados Originais'!G16
A18: IMPORTANTE: Mediana calculada APENAS com dados de TREINAMENTO
A19: Fórmula: =MED(B2;B3;B4;B6;B7;B11;B12;B15)
A20: Valores: 2200, 2800, 3200, 5200, 6100, 11000, 13500, 21000
A21: Mediana = (5200 + 6100) / 2 = 5650

Sheet passo 1.6
A1: Faixa de Idades | B1: Faixa de Log de Renda | C1: Faixa de tiket medio | D1: Classe | E1: Particao
A2: =SE('Dados Tratados'!A2<=30;"Até 30";SE('Dados Tratados'!A2<=50;"31-50";"Acima de 50")) | B2: =SE(LN('Dados Tratados'!B2)<8,5;"Baixa";SE(LN('Dados Tratados'!B2)<9,5;"Media";"Alta")) | C2: =SE('Dados Tratados'!F2<=140;"Baixo";SE('Dados Tratados'!F2<=155;"Medio";"Alto")) | D2: ='Dados Tratados'!E2 | E2: ='Dados Tratados'!G2
A3: =SE('Dados Tratados'!A3<=30;"Até 30";SE('Dados Tratados'!A3<=50;"31-50";"Acima de 50")) | B3: =SE(LN('Dados Tratados'!B3)<8,5;"Baixa";SE(LN('Dados Tratados'!B3)<9,5;"Media";"Alta")) | C3: =SE('Dados Tratados'!F3<=140;"Baixo";SE('Dados Tratados'!F3<=155;"Medio";"Alto")) | D3: ='Dados Tratados'!E3 | E3: ='Dados Tratados'!G3
A4: =SE('Dados Tratados'!A4<=30;"Até 30";SE('Dados Tratados'!A4<=50;"31-50";"Acima de 50")) | B4: =SE(LN('Dados Tratados'!B4)<8,5;"Baixa";SE(LN('Dados Tratados'!B4)<9,5;"Media";"Alta")) | C4: =SE('Dados Tratados'!F4<=140;"Baixo";SE('Dados Tratados'!F4<=155;"Medio";"Alto")) | D4: ='Dados Tratados'!E4 | E4: ='Dados Tratados'!G4
A5: =SE('Dados Tratados'!A5<=30;"Até 30";SE('Dados Tratados'!A5<=50;"31-50";"Acima de 50")) | B5: =SE(LN('Dados Tratados'!B5)<8,5;"Baixa";SE(LN('Dados Tratados'!B5)<9,5;"Media";"Alta")) | C5: =SE('Dados Tratados'!F5<=140;"Baixo";SE('Dados Tratados'!F5<=155;"Medio";"Alto")) | D5: ='Dados Tratados'!E5 | E5: ='Dados Tratados'!G5
A6: =SE('Dados Tratados'!A6<=30;"Até 30";SE('Dados Tratados'!A6<=50;"31-50";"Acima de 50")) | B6: =SE(LN('Dados Tratados'!B6)<8,5;"Baixa";SE(LN('Dados Tratados'!B6)<9,5;"Media";"Alta")) | C6: =SE('Dados Tratados'!F6<=140;"Baixo";SE('Dados Tratados'!F6<=155;"Medio";"Alto")) | D6: ='Dados Tratados'!E6 | E6: ='Dados Tratados'!G6
A7: =SE('Dados Tratados'!A7<=30;"Até 30";SE('Dados Tratados'!A7<=50;"31-50";"Acima de 50")) | B7: =SE(LN('Dados Tratados'!B7)<8,5;"Baixa";SE(LN('Dados Tratados'!B7)<9,5;"Media";"Alta")) | C7: =SE('Dados Tratados'!F7<=140;"Baixo";SE('Dados Tratados'!F7<=155;"Medio";"Alto")) | D7: ='Dados Tratados'!E7 | E7: ='Dados Tratados'!G7
A8: =SE('Dados Tratados'!A8<=30;"Até 30";SE('Dados Tratados'!A8<=50;"31-50";"Acima de 50")) | B8: =SE(LN('Dados Tratados'!B8)<8,5;"Baixa";SE(LN('Dados Tratados'!B8)<9,5;"Media";"Alta")) | C8: =SE('Dados Tratados'!F8<=140;"Baixo";SE('Dados Tratados'!F8<=155;"Medio";"Alto")) | D8: ='Dados Tratados'!E8 | E8: ='Dados Tratados'!G8
A9: =SE('Dados Tratados'!A9<=30;"Até 30";SE('Dados Tratados'!A9<=50;"31-50";"Acima de 50")) | B9: =SE(LN('Dados Tratados'!B9)<8,5;"Baixa";SE(LN('Dados Tratados'!B9)<9,5;"Media";"Alta")) | C9: =SE('Dados Tratados'!F9<=140;"Baixo";SE('Dados Tratados'!F9<=155;"Medio";"Alto")) | D9: ='Dados Tratados'!E9 | E9: ='Dados Tratados'!G9
A10: =SE('Dados Tratados'!A10<=30;"Até 30";SE('Dados Tratados'!A10<=50;"31-50";"Acima de 50")) | B10: =SE(LN('Dados Tratados'!B10)<8,5;"Baixa";SE(LN('Dados Tratados'!B10)<9,5;"Media";"Alta")) | C10: =SE('Dados Tratados'!F10<=140;"Baixo";SE('Dados Tratados'!F10<=155;"Medio";"Alto")) | D10: ='Dados Tratados'!E10 | E10: ='Dados Tratados'!G10
A11: =SE('Dados Tratados'!A11<=30;"Até 30";SE('Dados Tratados'!A11<=50;"31-50";"Acima de 50")) | B11: =SE(LN('Dados Tratados'!B11)<8,5;"Baixa";SE(LN('Dados Tratados'!B11)<9,5;"Media";"Alta")) | C11: =SE('Dados Tratados'!F11<=140;"Baixo";SE('Dados Tratados'!F11<=155;"Medio";"Alto")) | D11: ='Dados Tratados'!E11 | E11: ='Dados Tratados'!G11
A12: =SE('Dados Tratados'!A12<=30;"Até 30";SE('Dados Tratados'!A12<=50;"31-50";"Acima de 50")) | B12: =SE(LN('Dados Tratados'!B12)<8,5;"Baixa";SE(LN('Dados Tratados'!B12)<9,5;"Media";"Alta")) | C12: =SE('Dados Tratados'!F12<=140;"Baixo";SE('Dados Tratados'!F12<=155;"Medio";"Alto")) | D12: ='Dados Tratados'!E12 | E12: ='Dados Tratados'!G12
A13: =SE('Dados Tratados'!A13<=30;"Até 30";SE('Dados Tratados'!A13<=50;"31-50";"Acima de 50")) | B13: =SE(LN('Dados Tratados'!B13)<8,5;"Baixa";SE(LN('Dados Tratados'!B13)<9,5;"Media";"Alta")) | C13: =SE('Dados Tratados'!F13<=140;"Baixo";SE('Dados Tratados'!F13<=155;"Medio";"Alto")) | D13: ='Dados Tratados'!E13 | E13: ='Dados Tratados'!G13
... A16: =SE('Dados Tratados'!A16<=30;"Até 30";SE('Dados Tratados'!A16<=50;"31-50";"Acima de 50")) | B16: =SE(LN('Dados Tratados'!B16)<8,5;"Baixa";SE(LN('Dados Tratados'!B16)<9,5;"Media";"Alta")) | C16: =SE('Dados Tratados'!F16<=140;"Baixo";SE('Dados Tratados'!F16<=155;"Medio";"Alto")) | D16: ='Dados Tratados'!E16 | E16: ='Dados Tratados'!G16
A18: === FAIXAS DO PROFESSOR ===
A20: FAIXA DE IDADES:
A21: =SE(Idade<=30;"Até 30";SE(Idade<=50;"31-50";"Acima de 50"))
A23: FAIXA DE LOG DE RENDA:
A24: =SE(LN(Renda)<8,5;"Baixa";SE(LN(Renda)<9,5;"Media";"Alta"))
A25: Baixa: LN < 8,5 (Renda < ~4.900)
A26: Media: 8,5 <= LN < 9,5 (Renda ~4.900 - ~13.400)
A27: Alta: LN >= 9,5 (Renda > ~13.400)
A29: FAIXA DE TIKET MEDIO:
A30: =SE(Tiket<=140;"Baixo";SE(Tiket<=155;"Medio";"Alto"))
A31: Baixo: <= 140
A32: Medio: 141-155
A33: Alto: > 155
